{
  "type": "portal",
  "project": "adsd/adart3",
  "source": "http://oracc.org/adsd/adart3",
  "license": "This data is released under the CC0 license",
  "license-url": "https://creativecommons.org/publicdomain/zero/1.0/",
  "more-info": "http://oracc.org/doc/opendata/",
  "UTC-timestamp": "2019-05-31T08:27:22",
  "chunks": [
    {
      "type": "div",
      "url": "adsd/adart3/index.html#innerContent",
      "text": "ADART 3  contains searchable online editions of the texts published in Sachs and Hunger's   Astronomical Diaries and Related texts from Babylonia. Volume 3: Diaries from 164 B.C. to 61 B.C."
    }
  ]
}
