{
  "type": "corpus",
  "project": "adsd/adart3",
  "source": "http://oracc.org/adsd/adart3",
  "license": "This data is released under the CC0 license",
  "license-url": "https://creativecommons.org/publicdomain/zero/1.0/",
  "more-info": "http://oracc.org/doc/opendata/",
  "UTC-timestamp": "2019-05-31T08:27:22",
  "members": {
    "X300600": "corpusjson/X300600.json",
    "X300620": "corpusjson/X300620.json",
    "X300630": "corpusjson/X300630.json",
    "X300720": "corpusjson/X300720.json",
    "X300730": "corpusjson/X300730.json",
    "X300750": "corpusjson/X300750.json",
    "X300760": "corpusjson/X300760.json",
    "X300771": "corpusjson/X300771.json",
    "X300772": "corpusjson/X300772.json",
    "X300780": "corpusjson/X300780.json",
    "X300790": "corpusjson/X300790.json",
    "X300800": "corpusjson/X300800.json",
    "X300821": "corpusjson/X300821.json",
    "X300822": "corpusjson/X300822.json",
    "X300830": "corpusjson/X300830.json",
    "X300851": "corpusjson/X300851.json",
    "X300852": "corpusjson/X300852.json",
    "X300853": "corpusjson/X300853.json",
    "X300854": "corpusjson/X300854.json",
    "X300861": "corpusjson/X300861.json",
    "X300862": "corpusjson/X300862.json",
    "X300871": "corpusjson/X300871.json",
    "X300872": "corpusjson/X300872.json",
    "X300873": "corpusjson/X300873.json",
    "X300881": "corpusjson/X300881.json",
    "X300882": "corpusjson/X300882.json",
    "X300900": "corpusjson/X300900.json",
    "X300931": "corpusjson/X300931.json",
    "X300932": "corpusjson/X300932.json",
    "X300940": "corpusjson/X300940.json",
    "X300951": "corpusjson/X300951.json",
    "X300952": "corpusjson/X300952.json",
    "X300953": "corpusjson/X300953.json",
    "X300954": "corpusjson/X300954.json",
    "X300955": "corpusjson/X300955.json",
    "X300956": "corpusjson/X300956.json",
    "X300961": "corpusjson/X300961.json",
    "X300962": "corpusjson/X300962.json",
    "X300963": "corpusjson/X300963.json",
    "X300964": "corpusjson/X300964.json",
    "X300970": "corpusjson/X300970.json",
    "X300991": "corpusjson/X300991.json",
    "X300992": "corpusjson/X300992.json",
    "X300993": "corpusjson/X300993.json",
    "X301031": "corpusjson/X301031.json",
    "X301032": "corpusjson/X301032.json",
    "X301040": "corpusjson/X301040.json",
    "X301051": "corpusjson/X301051.json",
    "X301060": "corpusjson/X301060.json",
    "X301071": "corpusjson/X301071.json",
    "X301072": "corpusjson/X301072.json",
    "X301073": "corpusjson/X301073.json",
    "X301074": "corpusjson/X301074.json",
    "X301081": "corpusjson/X301081.json",
    "X301083": "corpusjson/X301083.json",
    "X301091": "corpusjson/X301091.json",
    "X301092": "corpusjson/X301092.json",
    "X301100": "corpusjson/X301100.json",
    "X301111": "corpusjson/X301111.json",
    "X301112": "corpusjson/X301112.json",
    "X301113": "corpusjson/X301113.json",
    "X301114": "corpusjson/X301114.json",
    "X301120": "corpusjson/X301120.json",
    "X301171": "corpusjson/X301171.json",
    "X301172": "corpusjson/X301172.json",
    "X301181": "corpusjson/X301181.json",
    "X301191": "corpusjson/X301191.json",
    "X301194": "corpusjson/X301194.json",
    "X301200": "corpusjson/X301200.json",
    "X301210": "corpusjson/X301210.json",
    "X301221": "corpusjson/X301221.json",
    "X301222": "corpusjson/X301222.json",
    "X301223": "corpusjson/X301223.json",
    "X301224": "corpusjson/X301224.json",
    "X301225": "corpusjson/X301225.json",
    "X301231": "corpusjson/X301231.json",
    "X301232": "corpusjson/X301232.json",
    "X301233": "corpusjson/X301233.json",
    "X301241": "corpusjson/X301241.json",
    "X301242": "corpusjson/X301242.json",
    "X301251": "corpusjson/X301251.json",
    "X301252": "corpusjson/X301252.json",
    "X301261": "corpusjson/X301261.json",
    "X301262": "corpusjson/X301262.json",
    "X301291": "corpusjson/X301291.json",
    "X301292": "corpusjson/X301292.json",
    "X301301": "corpusjson/X301301.json",
    "X301302": "corpusjson/X301302.json",
    "X301303": "corpusjson/X301303.json",
    "X301304": "corpusjson/X301304.json",
    "X301311": "corpusjson/X301311.json",
    "X301312": "corpusjson/X301312.json",
    "X301321": "corpusjson/X301321.json",
    "X301322": "corpusjson/X301322.json",
    "X301323": "corpusjson/X301323.json",
    "X301331": "corpusjson/X301331.json",
    "X301332": "corpusjson/X301332.json",
    "X301341": "corpusjson/X301341.json",
    "X301342": "corpusjson/X301342.json",
    "X301350": "corpusjson/X301350.json",
    "X301361": "corpusjson/X301361.json",
    "X301362": "corpusjson/X301362.json",
    "X301363": "corpusjson/X301363.json",
    "X301371": "corpusjson/X301371.json",
    "X301372": "corpusjson/X301372.json",
    "X301373": "corpusjson/X301373.json",
    "X301374": "corpusjson/X301374.json",
    "X301375": "corpusjson/X301375.json",
    "X301401": "corpusjson/X301401.json",
    "X301402": "corpusjson/X301402.json",
    "X301403": "corpusjson/X301403.json",
    "X301404": "corpusjson/X301404.json",
    "X301411": "corpusjson/X301411.json",
    "X301412": "corpusjson/X301412.json",
    "X301413": "corpusjson/X301413.json",
    "X301414": "corpusjson/X301414.json",
    "X301415": "corpusjson/X301415.json",
    "X301416": "corpusjson/X301416.json",
    "X301417": "corpusjson/X301417.json",
    "X301421": "corpusjson/X301421.json",
    "X301422": "corpusjson/X301422.json",
    "X301431": "corpusjson/X301431.json",
    "X301432": "corpusjson/X301432.json",
    "X301433": "corpusjson/X301433.json",
    "X301440": "corpusjson/X301440.json",
    "X301460": "corpusjson/X301460.json",
    "X301480": "corpusjson/X301480.json",
    "X301491": "corpusjson/X301491.json",
    "X301492": "corpusjson/X301492.json",
    "X301510": "corpusjson/X301510.json",
    "X301520": "corpusjson/X301520.json",
    "X301530": "corpusjson/X301530.json",
    "X301541": "corpusjson/X301541.json",
    "X301542": "corpusjson/X301542.json",
    "X301551": "corpusjson/X301551.json",
    "X301552": "corpusjson/X301552.json",
    "X301561": "corpusjson/X301561.json",
    "X301562": "corpusjson/X301562.json",
    "X301563": "corpusjson/X301563.json",
    "X301571": "corpusjson/X301571.json",
    "X301572": "corpusjson/X301572.json",
    "X301581": "corpusjson/X301581.json",
    "X301582": "corpusjson/X301582.json",
    "X301583": "corpusjson/X301583.json",
    "X301584": "corpusjson/X301584.json",
    "X301585": "corpusjson/X301585.json",
    "X301601": "corpusjson/X301601.json",
    "X301602": "corpusjson/X301602.json",
    "X301603": "corpusjson/X301603.json",
    "X301611": "corpusjson/X301611.json",
    "X301612": "corpusjson/X301612.json",
    "X301613": "corpusjson/X301613.json",
    "X301620": "corpusjson/X301620.json",
    "X301631": "corpusjson/X301631.json",
    "X301632": "corpusjson/X301632.json",
    "X301633": "corpusjson/X301633.json"
  }
}
