{
  "type": "metadata",
  "project": "adsd/adart3",
  "source": "http://oracc.org/adsd/adart3",
  "license": "This data is released under the CC0 license",
  "license-url": "https://creativecommons.org/publicdomain/zero/1.0/",
  "more-info": "http://oracc.org/doc/opendata/",
  "UTC-timestamp": "2019-05-31T08:27:39",
  "config": {
    "pathname": "adsd/adart3",
    "name": "adsd/Astronomical Diaries and Related Texts 3",
    "abbrev": "adsd/adart3",
    "project-type": "corpus",
    "blurb": "ADART 3 contains a searchable edition of the texts published in Sachs and Hunger's Astronomical Diaries and Related Texts from Babylonia, Volume 3: Diaries from 164 B.C. to 61 B.C.",
    "public": "yes",
    "options": {
      "catalog-build-policy": "local",
      "catalog-pleiades": "yes",
      "cbd-mode": "mixed",
      "build-approved-policy": "atf",
      "build-outlined-policy": "atf",
      "outline-default-sort-fields": "provenience,genre,period",
      "outline-default-catalog-fields": "designation,provenience,genre,period",
      "outline-default-catalog-widths": "25,25,25,25",
      "outline-default-select": "false",
      "outline-special-select": "false",
      "%akk": ". adsd/adart3",
      "views-TEI": "true"
    }
  },
  "formats": {
    "atf": [
      "X300600",
      "X300620",
      "X300630",
      "X300720",
      "X300730",
      "X300750",
      "X300760",
      "X300771",
      "X300772",
      "X300780",
      "X300790",
      "X300800",
      "X300821",
      "X300822",
      "X300830",
      "X300851",
      "X300852",
      "X300853",
      "X300854",
      "X300861",
      "X300862",
      "X300871",
      "X300872",
      "X300873",
      "X300881",
      "X300882",
      "X300900",
      "X300931",
      "X300932",
      "X300940",
      "X300951",
      "X300952",
      "X300953",
      "X300954",
      "X300955",
      "X300956",
      "X300961",
      "X300962",
      "X300963",
      "X300964",
      "X300970",
      "X300991",
      "X300992",
      "X300993",
      "X301031",
      "X301032",
      "X301040",
      "X301051",
      "X301060",
      "X301071",
      "X301072",
      "X301073",
      "X301074",
      "X301081",
      "X301083",
      "X301091",
      "X301092",
      "X301100",
      "X301111",
      "X301112",
      "X301113",
      "X301114",
      "X301120",
      "X301171",
      "X301172",
      "X301181",
      "X301191",
      "X301194",
      "X301200",
      "X301210",
      "X301221",
      "X301222",
      "X301223",
      "X301224",
      "X301225",
      "X301231",
      "X301232",
      "X301233",
      "X301241",
      "X301242",
      "X301251",
      "X301252",
      "X301261",
      "X301262",
      "X301291",
      "X301292",
      "X301301",
      "X301302",
      "X301303",
      "X301304",
      "X301311",
      "X301312",
      "X301321",
      "X301322",
      "X301323",
      "X301331",
      "X301332",
      "X301341",
      "X301342",
      "X301350",
      "X301361",
      "X301362",
      "X301363",
      "X301371",
      "X301372",
      "X301373",
      "X301374",
      "X301375",
      "X301401",
      "X301402",
      "X301403",
      "X301404",
      "X301411",
      "X301412",
      "X301413",
      "X301414",
      "X301415",
      "X301416",
      "X301417",
      "X301421",
      "X301422",
      "X301431",
      "X301432",
      "X301433",
      "X301440",
      "X301460",
      "X301480",
      "X301491",
      "X301492",
      "X301510",
      "X301520",
      "X301530",
      "X301541",
      "X301542",
      "X301551",
      "X301552",
      "X301561",
      "X301562",
      "X301563",
      "X301571",
      "X301572",
      "X301581",
      "X301582",
      "X301583",
      "X301584",
      "X301585",
      "X301601",
      "X301602",
      "X301603",
      "X301611",
      "X301612",
      "X301613",
      "X301620",
      "X301631",
      "X301632",
      "X301633"
    ],
    "lem": [
      "X300600",
      "X300620",
      "X300630",
      "X300720",
      "X300730",
      "X300750",
      "X300760",
      "X300771",
      "X300772",
      "X300780",
      "X300790",
      "X300800",
      "X300821",
      "X300822",
      "X300830",
      "X300851",
      "X300852",
      "X300853",
      "X300854",
      "X300861",
      "X300862",
      "X300871",
      "X300872",
      "X300873",
      "X300881",
      "X300882",
      "X300900",
      "X300931",
      "X300932",
      "X300940",
      "X300951",
      "X300952",
      "X300953",
      "X300954",
      "X300955",
      "X300956",
      "X300961",
      "X300962",
      "X300963",
      "X300964",
      "X300970",
      "X300991",
      "X300992",
      "X300993",
      "X301031",
      "X301032",
      "X301040",
      "X301051",
      "X301060",
      "X301071",
      "X301072",
      "X301073",
      "X301074",
      "X301081",
      "X301083",
      "X301091",
      "X301092",
      "X301100",
      "X301111",
      "X301112",
      "X301113",
      "X301114",
      "X301120",
      "X301171",
      "X301172",
      "X301181",
      "X301191",
      "X301194",
      "X301200",
      "X301210",
      "X301221",
      "X301222",
      "X301223",
      "X301224",
      "X301225",
      "X301231",
      "X301232",
      "X301233",
      "X301241",
      "X301242",
      "X301251",
      "X301252",
      "X301261",
      "X301262",
      "X301291",
      "X301292",
      "X301301",
      "X301302",
      "X301303",
      "X301304",
      "X301311",
      "X301312",
      "X301321",
      "X301322",
      "X301323",
      "X301331",
      "X301332",
      "X301341",
      "X301342",
      "X301350",
      "X301361",
      "X301362",
      "X301363",
      "X301371",
      "X301372",
      "X301373",
      "X301374",
      "X301375",
      "X301401",
      "X301402",
      "X301403",
      "X301404",
      "X301411",
      "X301412",
      "X301413",
      "X301414",
      "X301415",
      "X301416",
      "X301417",
      "X301421",
      "X301422",
      "X301431",
      "X301432",
      "X301433",
      "X301440",
      "X301460",
      "X301480",
      "X301491",
      "X301492",
      "X301510",
      "X301520",
      "X301530",
      "X301541",
      "X301542",
      "X301551",
      "X301552",
      "X301561",
      "X301562",
      "X301563",
      "X301571",
      "X301572",
      "X301581",
      "X301582",
      "X301583",
      "X301584",
      "X301585",
      "X301601",
      "X301602",
      "X301603",
      "X301611",
      "X301612",
      "X301613",
      "X301620",
      "X301631",
      "X301632",
      "X301633"
    ],
    "tr-en": [
      "X300600",
      "X300620",
      "X300630",
      "X300720",
      "X300730",
      "X300750",
      "X300760",
      "X300771",
      "X300772",
      "X300780",
      "X300790",
      "X300800",
      "X300821",
      "X300822",
      "X300830",
      "X300851",
      "X300852",
      "X300853",
      "X300854",
      "X300861",
      "X300862",
      "X300871",
      "X300872",
      "X300873",
      "X300881",
      "X300882",
      "X300900",
      "X300931",
      "X300932",
      "X300940",
      "X300951",
      "X300952",
      "X300953",
      "X300954",
      "X300955",
      "X300956",
      "X300961",
      "X300962",
      "X300963",
      "X300964",
      "X300970",
      "X300991",
      "X300992",
      "X300993",
      "X301031",
      "X301032",
      "X301040",
      "X301051",
      "X301060",
      "X301071",
      "X301072",
      "X301073",
      "X301074",
      "X301081",
      "X301083",
      "X301091",
      "X301092",
      "X301100",
      "X301111",
      "X301112",
      "X301113",
      "X301114",
      "X301120",
      "X301171",
      "X301172",
      "X301181",
      "X301191",
      "X301194",
      "X301200",
      "X301210",
      "X301221",
      "X301222",
      "X301223",
      "X301224",
      "X301225",
      "X301231",
      "X301232",
      "X301233",
      "X301241",
      "X301242",
      "X301251",
      "X301252",
      "X301261",
      "X301262",
      "X301291",
      "X301292",
      "X301301",
      "X301302",
      "X301303",
      "X301304",
      "X301311",
      "X301312",
      "X301321",
      "X301322",
      "X301323",
      "X301331",
      "X301332",
      "X301341",
      "X301342",
      "X301350",
      "X301361",
      "X301362",
      "X301363",
      "X301371",
      "X301372",
      "X301373",
      "X301374",
      "X301375",
      "X301401",
      "X301402",
      "X301403",
      "X301404",
      "X301411",
      "X301412",
      "X301413",
      "X301414",
      "X301415",
      "X301416",
      "X301417",
      "X301421",
      "X301422",
      "X301431",
      "X301432",
      "X301433",
      "X301440",
      "X301460",
      "X301480",
      "X301491",
      "X301492",
      "X301510",
      "X301520",
      "X301530",
      "X301541",
      "X301542",
      "X301551",
      "X301552",
      "X301561",
      "X301562",
      "X301563",
      "X301571",
      "X301572",
      "X301581",
      "X301582",
      "X301583",
      "X301584",
      "X301585",
      "X301601",
      "X301602",
      "X301603",
      "X301611",
      "X301612",
      "X301613",
      "X301620",
      "X301631",
      "X301632",
      "X301633"
    ],
    "xtf": [
      "X300600",
      "X300620",
      "X300630",
      "X300720",
      "X300730",
      "X300750",
      "X300760",
      "X300771",
      "X300772",
      "X300780",
      "X300790",
      "X300800",
      "X300821",
      "X300822",
      "X300830",
      "X300851",
      "X300852",
      "X300853",
      "X300854",
      "X300861",
      "X300862",
      "X300871",
      "X300872",
      "X300873",
      "X300881",
      "X300882",
      "X300900",
      "X300931",
      "X300932",
      "X300940",
      "X300951",
      "X300952",
      "X300953",
      "X300954",
      "X300955",
      "X300956",
      "X300961",
      "X300962",
      "X300963",
      "X300964",
      "X300970",
      "X300991",
      "X300992",
      "X300993",
      "X301031",
      "X301032",
      "X301040",
      "X301051",
      "X301060",
      "X301071",
      "X301072",
      "X301073",
      "X301074",
      "X301081",
      "X301083",
      "X301091",
      "X301092",
      "X301100",
      "X301111",
      "X301112",
      "X301113",
      "X301114",
      "X301120",
      "X301171",
      "X301172",
      "X301181",
      "X301191",
      "X301194",
      "X301200",
      "X301210",
      "X301221",
      "X301222",
      "X301223",
      "X301224",
      "X301225",
      "X301231",
      "X301232",
      "X301233",
      "X301241",
      "X301242",
      "X301251",
      "X301252",
      "X301261",
      "X301262",
      "X301291",
      "X301292",
      "X301301",
      "X301302",
      "X301303",
      "X301304",
      "X301311",
      "X301312",
      "X301321",
      "X301322",
      "X301323",
      "X301331",
      "X301332",
      "X301341",
      "X301342",
      "X301350",
      "X301361",
      "X301362",
      "X301363",
      "X301371",
      "X301372",
      "X301373",
      "X301374",
      "X301375",
      "X301401",
      "X301402",
      "X301403",
      "X301404",
      "X301411",
      "X301412",
      "X301413",
      "X301414",
      "X301415",
      "X301416",
      "X301417",
      "X301421",
      "X301422",
      "X301431",
      "X301432",
      "X301433",
      "X301440",
      "X301460",
      "X301480",
      "X301491",
      "X301492",
      "X301510",
      "X301520",
      "X301530",
      "X301541",
      "X301542",
      "X301551",
      "X301552",
      "X301561",
      "X301562",
      "X301563",
      "X301571",
      "X301572",
      "X301581",
      "X301582",
      "X301583",
      "X301584",
      "X301585",
      "X301601",
      "X301602",
      "X301603",
      "X301611",
      "X301612",
      "X301613",
      "X301620",
      "X301631",
      "X301632",
      "X301633"
    ]
  }
}
