{
  "type": "portal",
  "project": "adsd/adart1",
  "source": "http://oracc.org/adsd/adart1",
  "license": "This data is released under the CC0 license",
  "license-url": "https://creativecommons.org/publicdomain/zero/1.0/",
  "more-info": "http://oracc.org/doc/opendata/",
  "UTC-timestamp": "2019-06-21T05:58:17",
  "chunks": [
    {
      "type": "div",
      "url": "adsd/adart1/index.html#innerContent",
      "text": "ADART 1  contains searchable online editions of the texts published in Sachs and Hunger's   Astronomical Diaries and Related texts from Babylonia. Volume 1: Diaries from 652 B.C. to 262 B.C."
    }
  ]
}
