{
  "type": "corpus",
  "project": "adsd/adart1",
  "source": "http://oracc.org/adsd/adart1",
  "license": "This data is released under the CC0 license",
  "license-url": "https://creativecommons.org/publicdomain/zero/1.0/",
  "more-info": "http://oracc.org/doc/opendata/",
  "UTC-timestamp": "2019-06-21T05:58:18",
  "members": {
    "X102611": "corpusjson/X102611.json",
    "X102612": "corpusjson/X102612.json",
    "X102613": "corpusjson/X102613.json",
    "X102620": "corpusjson/X102620.json",
    "X102630": "corpusjson/X102630.json",
    "X102640": "corpusjson/X102640.json",
    "X102661": "corpusjson/X102661.json",
    "X102662": "corpusjson/X102662.json",
    "X102701": "corpusjson/X102701.json",
    "X102702": "corpusjson/X102702.json",
    "X102731": "corpusjson/X102731.json",
    "X102732": "corpusjson/X102732.json",
    "X102760": "corpusjson/X102760.json",
    "X102770": "corpusjson/X102770.json",
    "X102781": "corpusjson/X102781.json",
    "X102782": "corpusjson/X102782.json",
    "X102811": "corpusjson/X102811.json",
    "X102812": "corpusjson/X102812.json",
    "X102831": "corpusjson/X102831.json",
    "X102832": "corpusjson/X102832.json",
    "X102840": "corpusjson/X102840.json",
    "X102861": "corpusjson/X102861.json",
    "X102862": "corpusjson/X102862.json",
    "X102870": "corpusjson/X102870.json",
    "X102880": "corpusjson/X102880.json",
    "X102890": "corpusjson/X102890.json",
    "X102910": "corpusjson/X102910.json",
    "X102930": "corpusjson/X102930.json",
    "X102940": "corpusjson/X102940.json",
    "X102990": "corpusjson/X102990.json",
    "X103000": "corpusjson/X103000.json",
    "X103010": "corpusjson/X103010.json",
    "X103020": "corpusjson/X103020.json",
    "X103071": "corpusjson/X103071.json",
    "X103072": "corpusjson/X103072.json",
    "X103080": "corpusjson/X103080.json",
    "X103090": "corpusjson/X103090.json",
    "X103210": "corpusjson/X103210.json",
    "X103221": "corpusjson/X103221.json",
    "X103222": "corpusjson/X103222.json",
    "X103223": "corpusjson/X103223.json",
    "X103224": "corpusjson/X103224.json",
    "X103241": "corpusjson/X103241.json",
    "X103242": "corpusjson/X103242.json",
    "X103280": "corpusjson/X103280.json",
    "X103291": "corpusjson/X103291.json",
    "X103292": "corpusjson/X103292.json",
    "X103301": "corpusjson/X103301.json",
    "X103321": "corpusjson/X103321.json",
    "X103322": "corpusjson/X103322.json",
    "X103330": "corpusjson/X103330.json",
    "X103380": "corpusjson/X103380.json",
    "X103421": "corpusjson/X103421.json",
    "X103422": "corpusjson/X103422.json",
    "X103430": "corpusjson/X103430.json",
    "X103460": "corpusjson/X103460.json",
    "X103570": "corpusjson/X103570.json",
    "X103610": "corpusjson/X103610.json",
    "X103661": "corpusjson/X103661.json",
    "X103670": "corpusjson/X103670.json",
    "X103680": "corpusjson/X103680.json",
    "X103690": "corpusjson/X103690.json",
    "X103700": "corpusjson/X103700.json",
    "X103721": "corpusjson/X103721.json",
    "X103722": "corpusjson/X103722.json",
    "X103723": "corpusjson/X103723.json",
    "X103724": "corpusjson/X103724.json",
    "X103725": "corpusjson/X103725.json",
    "X103731": "corpusjson/X103731.json",
    "X103732": "corpusjson/X103732.json",
    "X103751": "corpusjson/X103751.json",
    "X103752": "corpusjson/X103752.json",
    "X103753": "corpusjson/X103753.json",
    "X103780": "corpusjson/X103780.json",
    "X103790": "corpusjson/X103790.json",
    "X103801": "corpusjson/X103801.json",
    "X103802": "corpusjson/X103802.json",
    "X103811": "corpusjson/X103811.json",
    "X103812": "corpusjson/X103812.json",
    "X103813": "corpusjson/X103813.json",
    "X103820": "corpusjson/X103820.json",
    "X103840": "corpusjson/X103840.json",
    "X103910": "corpusjson/X103910.json",
    "X104181": "corpusjson/X104181.json",
    "X104182": "corpusjson/X104182.json",
    "X104530": "corpusjson/X104530.json",
    "X104630": "corpusjson/X104630.json",
    "X105670": "corpusjson/X105670.json",
    "X106510": "corpusjson/X106510.json"
  }
}
