{
  "type": "metadata",
  "project": "adsd/adart1",
  "source": "http://oracc.org/adsd/adart1",
  "license": "This data is released under the CC0 license",
  "license-url": "https://creativecommons.org/publicdomain/zero/1.0/",
  "more-info": "http://oracc.org/doc/opendata/",
  "UTC-timestamp": "2019-06-21T05:58:27",
  "config": {
    "pathname": "adsd/adart1",
    "name": "adsd/Astronomical Diaries and Related Texts 1",
    "abbrev": "adsd/adart1",
    "project-type": "corpus",
    "blurb": "ADART 1 contains a searchable edition of the texts published in Sachs and Hunger's Astronomical Diaries and Related Texts from Babylonia, Volume 1: Diaries from 652 B.C. to 262 B.C.",
    "public": "yes",
    "options": {
      "catalog-build-policy": "local",
      "catalog-pleiades": "yes",
      "cbd-mode": "mixed",
      "build-approved-policy": "atf",
      "build-outlined-policy": "atf",
      "outline-default-sort-fields": "provenience,genre,period",
      "outline-default-catalog-fields": "designation,provenience,genre,period",
      "outline-default-catalog-widths": "25,25,25,25",
      "outline-default-select": "false",
      "outline-special-select": "false",
      "%akk": ". adsd/adart3",
      "views-TEI": "true"
    }
  },
  "formats": {
    "atf": [
      "X102611",
      "X102612",
      "X102613",
      "X102620",
      "X102630",
      "X102640",
      "X102661",
      "X102662",
      "X102701",
      "X102702",
      "X102731",
      "X102732",
      "X102760",
      "X102770",
      "X102781",
      "X102782",
      "X102811",
      "X102812",
      "X102831",
      "X102832",
      "X102840",
      "X102861",
      "X102862",
      "X102870",
      "X102880",
      "X102890",
      "X102910",
      "X102930",
      "X102940",
      "X102990",
      "X103000",
      "X103010",
      "X103020",
      "X103071",
      "X103072",
      "X103080",
      "X103090",
      "X103210",
      "X103221",
      "X103222",
      "X103223",
      "X103224",
      "X103241",
      "X103242",
      "X103280",
      "X103291",
      "X103292",
      "X103301",
      "X103321",
      "X103322",
      "X103330",
      "X103380",
      "X103421",
      "X103422",
      "X103430",
      "X103460",
      "X103570",
      "X103610",
      "X103661",
      "X103670",
      "X103680",
      "X103690",
      "X103700",
      "X103721",
      "X103722",
      "X103723",
      "X103724",
      "X103725",
      "X103731",
      "X103732",
      "X103751",
      "X103752",
      "X103753",
      "X103780",
      "X103790",
      "X103801",
      "X103802",
      "X103811",
      "X103812",
      "X103813",
      "X103820",
      "X103840",
      "X103910",
      "X104181",
      "X104182",
      "X104530",
      "X104630",
      "X105670",
      "X106510"
    ],
    "lem": [
      "X102611",
      "X102612",
      "X102613",
      "X102620",
      "X102630",
      "X102640",
      "X102661",
      "X102662",
      "X102701",
      "X102702",
      "X102731",
      "X102732",
      "X102760",
      "X102770",
      "X102781",
      "X102782",
      "X102811",
      "X102812",
      "X102831",
      "X102832",
      "X102840",
      "X102861",
      "X102862",
      "X102870",
      "X102880",
      "X102890",
      "X102910",
      "X102930",
      "X102940",
      "X102990",
      "X103000",
      "X103010",
      "X103020",
      "X103071",
      "X103072",
      "X103080",
      "X103090",
      "X103210",
      "X103221",
      "X103222",
      "X103223",
      "X103224",
      "X103241",
      "X103242",
      "X103280",
      "X103291",
      "X103292",
      "X103301",
      "X103321",
      "X103322",
      "X103330",
      "X103380",
      "X103421",
      "X103422",
      "X103430",
      "X103460",
      "X103570",
      "X103610",
      "X103661",
      "X103670",
      "X103680",
      "X103690",
      "X103700",
      "X103721",
      "X103722",
      "X103723",
      "X103724",
      "X103725",
      "X103731",
      "X103732",
      "X103751",
      "X103752",
      "X103753",
      "X103780",
      "X103790",
      "X103801",
      "X103802",
      "X103811",
      "X103812",
      "X103813",
      "X103820",
      "X103840",
      "X103910",
      "X104181",
      "X104182",
      "X104530",
      "X104630",
      "X105670",
      "X106510"
    ],
    "tr-en": [
      "X102611",
      "X102612",
      "X102613",
      "X102620",
      "X102630",
      "X102640",
      "X102661",
      "X102662",
      "X102701",
      "X102702",
      "X102731",
      "X102732",
      "X102760",
      "X102770",
      "X102781",
      "X102782",
      "X102811",
      "X102812",
      "X102831",
      "X102832",
      "X102840",
      "X102861",
      "X102862",
      "X102870",
      "X102880",
      "X102890",
      "X102910",
      "X102930",
      "X102940",
      "X102990",
      "X103000",
      "X103010",
      "X103020",
      "X103071",
      "X103072",
      "X103080",
      "X103090",
      "X103210",
      "X103221",
      "X103222",
      "X103223",
      "X103224",
      "X103241",
      "X103242",
      "X103280",
      "X103291",
      "X103292",
      "X103301",
      "X103321",
      "X103322",
      "X103330",
      "X103380",
      "X103421",
      "X103422",
      "X103430",
      "X103460",
      "X103570",
      "X103610",
      "X103661",
      "X103670",
      "X103680",
      "X103690",
      "X103700",
      "X103721",
      "X103722",
      "X103723",
      "X103724",
      "X103725",
      "X103731",
      "X103732",
      "X103751",
      "X103752",
      "X103753",
      "X103780",
      "X103790",
      "X103801",
      "X103802",
      "X103811",
      "X103812",
      "X103813",
      "X103820",
      "X103840",
      "X103910",
      "X104181",
      "X104182",
      "X104530",
      "X104630",
      "X105670",
      "X106510"
    ],
    "xtf": [
      "X102611",
      "X102612",
      "X102613",
      "X102620",
      "X102630",
      "X102640",
      "X102661",
      "X102662",
      "X102701",
      "X102702",
      "X102731",
      "X102732",
      "X102760",
      "X102770",
      "X102781",
      "X102782",
      "X102811",
      "X102812",
      "X102831",
      "X102832",
      "X102840",
      "X102861",
      "X102862",
      "X102870",
      "X102880",
      "X102890",
      "X102910",
      "X102930",
      "X102940",
      "X102990",
      "X103000",
      "X103010",
      "X103020",
      "X103071",
      "X103072",
      "X103080",
      "X103090",
      "X103210",
      "X103221",
      "X103222",
      "X103223",
      "X103224",
      "X103241",
      "X103242",
      "X103280",
      "X103291",
      "X103292",
      "X103301",
      "X103321",
      "X103322",
      "X103330",
      "X103380",
      "X103421",
      "X103422",
      "X103430",
      "X103460",
      "X103570",
      "X103610",
      "X103661",
      "X103670",
      "X103680",
      "X103690",
      "X103700",
      "X103721",
      "X103722",
      "X103723",
      "X103724",
      "X103725",
      "X103731",
      "X103732",
      "X103751",
      "X103752",
      "X103753",
      "X103780",
      "X103790",
      "X103801",
      "X103802",
      "X103811",
      "X103812",
      "X103813",
      "X103820",
      "X103840",
      "X103910",
      "X104181",
      "X104182",
      "X104530",
      "X104630",
      "X105670",
      "X106510"
    ]
  }
}
