{
  "type": "portal",
  "project": "adsd/adart2",
  "source": "http://oracc.org/adsd/adart2",
  "license": "This data is released under the CC0 license",
  "license-url": "https://creativecommons.org/publicdomain/zero/1.0/",
  "more-info": "http://oracc.org/doc/opendata/",
  "UTC-timestamp": "2019-05-06T12:38:56",
  "chunks": [
    {
      "type": "div",
      "url": "adsd/adart2/index.html#innerContent",
      "text": "ADART 2  contains searchable online editions of the texts published in Sachs and Hunger's   Astronomical Diaries and Related texts from Babylonia. Volume 2: Diaries from 261 B.C. to 165 B.C."
    }
  ]
}
