{
  "type": "corpus",
  "project": "adsd/adart2",
  "source": "http://oracc.org/adsd/adart2",
  "license": "This data is released under the CC0 license",
  "license-url": "https://creativecommons.org/publicdomain/zero/1.0/",
  "more-info": "http://oracc.org/doc/opendata/",
  "UTC-timestamp": "2019-05-06T12:38:56",
  "members": {
    "X201641": "corpusjson/X201641.json",
    "X201642": "corpusjson/X201642.json",
    "X201650": "corpusjson/X201650.json",
    "X201661": "corpusjson/X201661.json",
    "X201662": "corpusjson/X201662.json",
    "X201671": "corpusjson/X201671.json",
    "X201672": "corpusjson/X201672.json",
    "X201680": "corpusjson/X201680.json",
    "X201681": "corpusjson/X201681.json",
    "X201682": "corpusjson/X201682.json",
    "X201683": "corpusjson/X201683.json",
    "X201684": "corpusjson/X201684.json",
    "X201685": "corpusjson/X201685.json",
    "X201690": "corpusjson/X201690.json",
    "X201701": "corpusjson/X201701.json",
    "X201702": "corpusjson/X201702.json",
    "X201703": "corpusjson/X201703.json",
    "X201704": "corpusjson/X201704.json",
    "X201705": "corpusjson/X201705.json",
    "X201706": "corpusjson/X201706.json",
    "X201707": "corpusjson/X201707.json",
    "X201708": "corpusjson/X201708.json",
    "X201709": "corpusjson/X201709.json",
    "X201711": "corpusjson/X201711.json",
    "X201712": "corpusjson/X201712.json",
    "X201713": "corpusjson/X201713.json",
    "X201714": "corpusjson/X201714.json",
    "X201715": "corpusjson/X201715.json",
    "X201731": "corpusjson/X201731.json",
    "X201732": "corpusjson/X201732.json",
    "X201751": "corpusjson/X201751.json",
    "X201752": "corpusjson/X201752.json",
    "X201761": "corpusjson/X201761.json",
    "X201762": "corpusjson/X201762.json",
    "X201770": "corpusjson/X201770.json",
    "X201781": "corpusjson/X201781.json",
    "X201782": "corpusjson/X201782.json",
    "X201783": "corpusjson/X201783.json",
    "X201784": "corpusjson/X201784.json",
    "X201791": "corpusjson/X201791.json",
    "X201792": "corpusjson/X201792.json",
    "X201793": "corpusjson/X201793.json",
    "X201794": "corpusjson/X201794.json",
    "X201795": "corpusjson/X201795.json",
    "X201801": "corpusjson/X201801.json",
    "X201802": "corpusjson/X201802.json",
    "X201803": "corpusjson/X201803.json",
    "X201804": "corpusjson/X201804.json",
    "X201810": "corpusjson/X201810.json",
    "X201821": "corpusjson/X201821.json",
    "X201822": "corpusjson/X201822.json",
    "X201823": "corpusjson/X201823.json",
    "X201831": "corpusjson/X201831.json",
    "X201832": "corpusjson/X201832.json",
    "X201833": "corpusjson/X201833.json",
    "X201834": "corpusjson/X201834.json",
    "X201835": "corpusjson/X201835.json",
    "X201841": "corpusjson/X201841.json",
    "X201842": "corpusjson/X201842.json",
    "X201851": "corpusjson/X201851.json",
    "X201852": "corpusjson/X201852.json",
    "X201861": "corpusjson/X201861.json",
    "X201862": "corpusjson/X201862.json",
    "X201863": "corpusjson/X201863.json",
    "X201864": "corpusjson/X201864.json",
    "X201871": "corpusjson/X201871.json",
    "X201872": "corpusjson/X201872.json",
    "X201880": "corpusjson/X201880.json",
    "X201891": "corpusjson/X201891.json",
    "X201892": "corpusjson/X201892.json",
    "X201893": "corpusjson/X201893.json",
    "X201901": "corpusjson/X201901.json",
    "X201902": "corpusjson/X201902.json",
    "X201903": "corpusjson/X201903.json",
    "X201904": "corpusjson/X201904.json",
    "X201905": "corpusjson/X201905.json",
    "X201911": "corpusjson/X201911.json",
    "X201912": "corpusjson/X201912.json",
    "X201921": "corpusjson/X201921.json",
    "X201922": "corpusjson/X201922.json",
    "X201923": "corpusjson/X201923.json",
    "X201931": "corpusjson/X201931.json",
    "X201932": "corpusjson/X201932.json",
    "X201933": "corpusjson/X201933.json",
    "X201934": "corpusjson/X201934.json",
    "X201941": "corpusjson/X201941.json",
    "X201942": "corpusjson/X201942.json",
    "X201951": "corpusjson/X201951.json",
    "X201952": "corpusjson/X201952.json",
    "X201953": "corpusjson/X201953.json",
    "X201954": "corpusjson/X201954.json",
    "X201955": "corpusjson/X201955.json",
    "X201971": "corpusjson/X201971.json",
    "X201972": "corpusjson/X201972.json",
    "X201981": "corpusjson/X201981.json",
    "X201982": "corpusjson/X201982.json",
    "X201983": "corpusjson/X201983.json",
    "X201984": "corpusjson/X201984.json",
    "X201991": "corpusjson/X201991.json",
    "X201992": "corpusjson/X201992.json",
    "X202001": "corpusjson/X202001.json",
    "X202002": "corpusjson/X202002.json",
    "X202011": "corpusjson/X202011.json",
    "X202012": "corpusjson/X202012.json",
    "X202013": "corpusjson/X202013.json",
    "X202014": "corpusjson/X202014.json",
    "X202021": "corpusjson/X202021.json",
    "X202022": "corpusjson/X202022.json",
    "X202030": "corpusjson/X202030.json",
    "X202041": "corpusjson/X202041.json",
    "X202042": "corpusjson/X202042.json",
    "X202043": "corpusjson/X202043.json",
    "X202071": "corpusjson/X202071.json",
    "X202072": "corpusjson/X202072.json",
    "X202080": "corpusjson/X202080.json",
    "X202091": "corpusjson/X202091.json",
    "X202092": "corpusjson/X202092.json",
    "X202093": "corpusjson/X202093.json",
    "X202094": "corpusjson/X202094.json",
    "X202095": "corpusjson/X202095.json",
    "X202100": "corpusjson/X202100.json",
    "X202111": "corpusjson/X202111.json",
    "X202112": "corpusjson/X202112.json",
    "X202121": "corpusjson/X202121.json",
    "X202122": "corpusjson/X202122.json",
    "X202130": "corpusjson/X202130.json",
    "X202140": "corpusjson/X202140.json",
    "X202180": "corpusjson/X202180.json",
    "X202210": "corpusjson/X202210.json",
    "X202220": "corpusjson/X202220.json",
    "X202250": "corpusjson/X202250.json",
    "X202261": "corpusjson/X202261.json",
    "X202262": "corpusjson/X202262.json",
    "X202270": "corpusjson/X202270.json",
    "X202291": "corpusjson/X202291.json",
    "X202292": "corpusjson/X202292.json",
    "X202300": "corpusjson/X202300.json",
    "X202304": "corpusjson/X202304.json",
    "X202320": "corpusjson/X202320.json",
    "X202340": "corpusjson/X202340.json",
    "X202370": "corpusjson/X202370.json",
    "X202380": "corpusjson/X202380.json",
    "X202390": "corpusjson/X202390.json",
    "X202400": "corpusjson/X202400.json",
    "X202410": "corpusjson/X202410.json",
    "X202420": "corpusjson/X202420.json",
    "X202451": "corpusjson/X202451.json",
    "X202452": "corpusjson/X202452.json",
    "X202460": "corpusjson/X202460.json",
    "X202470": "corpusjson/X202470.json",
    "X202480": "corpusjson/X202480.json",
    "X202491": "corpusjson/X202491.json",
    "X202492": "corpusjson/X202492.json",
    "X202510": "corpusjson/X202510.json",
    "X202530": "corpusjson/X202530.json",
    "X202540": "corpusjson/X202540.json",
    "X202551": "corpusjson/X202551.json",
    "X202552": "corpusjson/X202552.json",
    "X202560": "corpusjson/X202560.json",
    "X202571": "corpusjson/X202571.json",
    "X202572": "corpusjson/X202572.json",
    "X202590": "corpusjson/X202590.json",
    "X202600": "corpusjson/X202600.json"
  }
}
