{
  "type": "metadata",
  "project": "adsd/adart2",
  "source": "http://oracc.org/adsd/adart2",
  "license": "This data is released under the CC0 license",
  "license-url": "https://creativecommons.org/publicdomain/zero/1.0/",
  "more-info": "http://oracc.org/doc/opendata/",
  "UTC-timestamp": "2019-05-06T12:39:12",
  "config": {
    "pathname": "adsd/adart2",
    "name": "adsd/Astronomical Diaries and Related Texts 2",
    "abbrev": "adsd/adart2",
    "project-type": "corpus",
    "blurb": "ADART 2 contains a searchable edition of the texts published in Sachs and Hunger's Astronomical Diaries and Related Texts from Babylonia, Volume 2: Diaries from 261 B.C. to 165 B.C.",
    "public": "yes",
    "options": {
      "catalog-build-policy": "local",
      "catalog-pleiades": "yes",
      "cbd-mode": "mixed",
      "build-approved-policy": "atf",
      "build-outlined-policy": "atf",
      "outline-default-sort-fields": "provenience,genre,period",
      "outline-default-catalog-fields": "designation,provenience,genre,period",
      "outline-default-catalog-widths": "25,25,25,25",
      "outline-default-select": "false",
      "outline-special-select": "false",
      "%akk": ". adsd/adart3",
      "views-TEI": "true"
    }
  },
  "formats": {
    "atf": [
      "X201641",
      "X201642",
      "X201650",
      "X201661",
      "X201662",
      "X201671",
      "X201672",
      "X201680",
      "X201681",
      "X201682",
      "X201683",
      "X201684",
      "X201685",
      "X201690",
      "X201701",
      "X201702",
      "X201703",
      "X201704",
      "X201705",
      "X201706",
      "X201707",
      "X201708",
      "X201709",
      "X201711",
      "X201712",
      "X201713",
      "X201714",
      "X201715",
      "X201731",
      "X201732",
      "X201751",
      "X201752",
      "X201761",
      "X201762",
      "X201770",
      "X201781",
      "X201782",
      "X201783",
      "X201784",
      "X201791",
      "X201792",
      "X201793",
      "X201794",
      "X201795",
      "X201801",
      "X201802",
      "X201803",
      "X201804",
      "X201810",
      "X201821",
      "X201822",
      "X201823",
      "X201831",
      "X201832",
      "X201833",
      "X201834",
      "X201835",
      "X201841",
      "X201842",
      "X201851",
      "X201852",
      "X201861",
      "X201862",
      "X201863",
      "X201864",
      "X201871",
      "X201872",
      "X201880",
      "X201891",
      "X201892",
      "X201893",
      "X201901",
      "X201902",
      "X201903",
      "X201904",
      "X201905",
      "X201911",
      "X201912",
      "X201921",
      "X201922",
      "X201923",
      "X201931",
      "X201932",
      "X201933",
      "X201934",
      "X201941",
      "X201942",
      "X201951",
      "X201952",
      "X201953",
      "X201954",
      "X201955",
      "X201971",
      "X201972",
      "X201981",
      "X201982",
      "X201983",
      "X201984",
      "X201991",
      "X201992",
      "X202001",
      "X202002",
      "X202011",
      "X202012",
      "X202013",
      "X202014",
      "X202021",
      "X202022",
      "X202030",
      "X202041",
      "X202042",
      "X202043",
      "X202071",
      "X202072",
      "X202080",
      "X202091",
      "X202092",
      "X202093",
      "X202094",
      "X202095",
      "X202100",
      "X202111",
      "X202112",
      "X202121",
      "X202122",
      "X202130",
      "X202140",
      "X202180",
      "X202210",
      "X202220",
      "X202250",
      "X202261",
      "X202262",
      "X202270",
      "X202291",
      "X202292",
      "X202300",
      "X202304",
      "X202320",
      "X202340",
      "X202370",
      "X202380",
      "X202390",
      "X202400",
      "X202410",
      "X202420",
      "X202451",
      "X202452",
      "X202460",
      "X202470",
      "X202480",
      "X202491",
      "X202492",
      "X202510",
      "X202530",
      "X202540",
      "X202551",
      "X202552",
      "X202560",
      "X202571",
      "X202572",
      "X202590",
      "X202600"
    ],
    "lem": [
      "X201641",
      "X201642",
      "X201650",
      "X201661",
      "X201662",
      "X201671",
      "X201672",
      "X201681",
      "X201682",
      "X201683",
      "X201684",
      "X201685",
      "X201690",
      "X201701",
      "X201702",
      "X201703",
      "X201704",
      "X201705",
      "X201706",
      "X201707",
      "X201708",
      "X201709",
      "X201711",
      "X201712",
      "X201713",
      "X201714",
      "X201715",
      "X201731",
      "X201732",
      "X201751",
      "X201752",
      "X201761",
      "X201762",
      "X201770",
      "X201781",
      "X201782",
      "X201783",
      "X201784",
      "X201791",
      "X201792",
      "X201793",
      "X201794",
      "X201795",
      "X201801",
      "X201802",
      "X201803",
      "X201804",
      "X201810",
      "X201821",
      "X201822",
      "X201823",
      "X201831",
      "X201832",
      "X201833",
      "X201834",
      "X201835",
      "X201841",
      "X201842",
      "X201851",
      "X201852",
      "X201861",
      "X201862",
      "X201863",
      "X201864",
      "X201871",
      "X201872",
      "X201880",
      "X201891",
      "X201892",
      "X201893",
      "X201901",
      "X201902",
      "X201903",
      "X201904",
      "X201905",
      "X201911",
      "X201912",
      "X201921",
      "X201922",
      "X201923",
      "X201931",
      "X201932",
      "X201933",
      "X201934",
      "X201941",
      "X201942",
      "X201951",
      "X201952",
      "X201953",
      "X201954",
      "X201955",
      "X201971",
      "X201972",
      "X201981",
      "X201982",
      "X201983",
      "X201984",
      "X201991",
      "X201992",
      "X202001",
      "X202002",
      "X202011",
      "X202012",
      "X202013",
      "X202014",
      "X202021",
      "X202022",
      "X202030",
      "X202041",
      "X202042",
      "X202043",
      "X202071",
      "X202072",
      "X202080",
      "X202091",
      "X202092",
      "X202093",
      "X202094",
      "X202095",
      "X202100",
      "X202111",
      "X202112",
      "X202121",
      "X202122",
      "X202130",
      "X202140",
      "X202180",
      "X202210",
      "X202220",
      "X202250",
      "X202261",
      "X202262",
      "X202270",
      "X202291",
      "X202292",
      "X202300",
      "X202304",
      "X202320",
      "X202340",
      "X202370",
      "X202380",
      "X202390",
      "X202400",
      "X202410",
      "X202420",
      "X202451",
      "X202452",
      "X202460",
      "X202470",
      "X202480",
      "X202491",
      "X202492",
      "X202510",
      "X202530",
      "X202540",
      "X202551",
      "X202552",
      "X202560",
      "X202571",
      "X202572",
      "X202590",
      "X202600"
    ],
    "tr-en": [
      "X201641",
      "X201642",
      "X201650",
      "X201661",
      "X201662",
      "X201671",
      "X201672",
      "X201681",
      "X201682",
      "X201683",
      "X201684",
      "X201685",
      "X201690",
      "X201701",
      "X201702",
      "X201703",
      "X201704",
      "X201705",
      "X201706",
      "X201707",
      "X201708",
      "X201709",
      "X201711",
      "X201712",
      "X201713",
      "X201714",
      "X201715",
      "X201731",
      "X201732",
      "X201751",
      "X201752",
      "X201761",
      "X201762",
      "X201770",
      "X201781",
      "X201782",
      "X201783",
      "X201784",
      "X201791",
      "X201792",
      "X201793",
      "X201794",
      "X201795",
      "X201801",
      "X201802",
      "X201803",
      "X201804",
      "X201810",
      "X201821",
      "X201822",
      "X201823",
      "X201831",
      "X201832",
      "X201833",
      "X201834",
      "X201835",
      "X201841",
      "X201842",
      "X201851",
      "X201852",
      "X201861",
      "X201862",
      "X201863",
      "X201864",
      "X201871",
      "X201872",
      "X201880",
      "X201891",
      "X201892",
      "X201893",
      "X201901",
      "X201902",
      "X201903",
      "X201904",
      "X201905",
      "X201911",
      "X201912",
      "X201921",
      "X201922",
      "X201923",
      "X201931",
      "X201932",
      "X201933",
      "X201934",
      "X201941",
      "X201942",
      "X201951",
      "X201952",
      "X201953",
      "X201954",
      "X201955",
      "X201971",
      "X201972",
      "X201981",
      "X201982",
      "X201983",
      "X201984",
      "X201991",
      "X201992",
      "X202001",
      "X202002",
      "X202011",
      "X202012",
      "X202013",
      "X202014",
      "X202021",
      "X202022",
      "X202030",
      "X202041",
      "X202042",
      "X202043",
      "X202071",
      "X202072",
      "X202080",
      "X202091",
      "X202092",
      "X202093",
      "X202094",
      "X202095",
      "X202100",
      "X202111",
      "X202112",
      "X202121",
      "X202122",
      "X202130",
      "X202140",
      "X202180",
      "X202210",
      "X202220",
      "X202250",
      "X202261",
      "X202262",
      "X202270",
      "X202291",
      "X202292",
      "X202300",
      "X202304",
      "X202320",
      "X202340",
      "X202370",
      "X202380",
      "X202390",
      "X202400",
      "X202410",
      "X202420",
      "X202451",
      "X202452",
      "X202460",
      "X202470",
      "X202480",
      "X202491",
      "X202492",
      "X202510",
      "X202530",
      "X202540",
      "X202551",
      "X202552",
      "X202560",
      "X202571",
      "X202572",
      "X202590",
      "X202600"
    ],
    "xtf": [
      "X201641",
      "X201642",
      "X201650",
      "X201661",
      "X201662",
      "X201671",
      "X201672",
      "X201680",
      "X201681",
      "X201682",
      "X201683",
      "X201684",
      "X201685",
      "X201690",
      "X201701",
      "X201702",
      "X201703",
      "X201704",
      "X201705",
      "X201706",
      "X201707",
      "X201708",
      "X201709",
      "X201711",
      "X201712",
      "X201713",
      "X201714",
      "X201715",
      "X201731",
      "X201732",
      "X201751",
      "X201752",
      "X201761",
      "X201762",
      "X201770",
      "X201781",
      "X201782",
      "X201783",
      "X201784",
      "X201791",
      "X201792",
      "X201793",
      "X201794",
      "X201795",
      "X201801",
      "X201802",
      "X201803",
      "X201804",
      "X201810",
      "X201821",
      "X201822",
      "X201823",
      "X201831",
      "X201832",
      "X201833",
      "X201834",
      "X201835",
      "X201841",
      "X201842",
      "X201851",
      "X201852",
      "X201861",
      "X201862",
      "X201863",
      "X201864",
      "X201871",
      "X201872",
      "X201880",
      "X201891",
      "X201892",
      "X201893",
      "X201901",
      "X201902",
      "X201903",
      "X201904",
      "X201905",
      "X201911",
      "X201912",
      "X201921",
      "X201922",
      "X201923",
      "X201931",
      "X201932",
      "X201933",
      "X201934",
      "X201941",
      "X201942",
      "X201951",
      "X201952",
      "X201953",
      "X201954",
      "X201955",
      "X201971",
      "X201972",
      "X201981",
      "X201982",
      "X201983",
      "X201984",
      "X201991",
      "X201992",
      "X202001",
      "X202002",
      "X202011",
      "X202012",
      "X202013",
      "X202014",
      "X202021",
      "X202022",
      "X202030",
      "X202041",
      "X202042",
      "X202043",
      "X202071",
      "X202072",
      "X202080",
      "X202091",
      "X202092",
      "X202093",
      "X202094",
      "X202095",
      "X202100",
      "X202111",
      "X202112",
      "X202121",
      "X202122",
      "X202130",
      "X202140",
      "X202180",
      "X202210",
      "X202220",
      "X202250",
      "X202261",
      "X202262",
      "X202270",
      "X202291",
      "X202292",
      "X202300",
      "X202304",
      "X202320",
      "X202340",
      "X202370",
      "X202380",
      "X202390",
      "X202400",
      "X202410",
      "X202420",
      "X202451",
      "X202452",
      "X202460",
      "X202470",
      "X202480",
      "X202491",
      "X202492",
      "X202510",
      "X202530",
      "X202540",
      "X202551",
      "X202552",
      "X202560",
      "X202571",
      "X202572",
      "X202590",
      "X202600"
    ]
  }
}
