{
  "sortvals": {
    "supergenres": {
      "ELA": "1",
      "ELA ?": "2",
      "LEX": "3",
      "LEX ?": "4",
      "LIT": "5",
      "LIT ?": "6",
      "STL": "7",
      "STL ?": "8",
      "unknown": "9",
      "unknown ?": "10"
    },
    "periods": {
      "Pre-Writing": "1",
      "Pre-Writing ?": "2",
      "Egyptian 0": "3",
      "Egyptian 0 ?": "4",
      "Uruk V": "5",
      "Uruk V ?": "6",
      "Uruk IV": "7",
      "Uruk IV ?": "8",
      "Uruk III": "9",
      "Uruk III ?": "10",
      "Archaic": "11",
      "Archaic ?": "12",
      "Proto-Elamite": "13",
      "Proto-Elamite ?": "14",
      "Linear Elamite": "15",
      "Linear Elamite ?": "16",
      "ED I": "17",
      "ED I ?": "18",
      "ED I-II": "19",
      "ED I-II ?": "20",
      "ED II": "21",
      "ED II ?": "22",
      "ED IIIa": "23",
      "ED IIIa ?": "24",
      "ED IIIb": "25",
      "ED IIIb ?": "26",
      "Early Dynastic IIIa": "27",
      "Early Dynastic IIIa ?": "28",
      "Early Dynastic IIIb": "29",
      "Early Dynastic IIIb ?": "30",
      "Early Dynastic": "31",
      "Early Dynastic ?": "32",
      "Third Millennium": "33",
      "Third Millennium ?": "34",
      "Ebla": "35",
      "Ebla ?": "36",
      "Old Akkadian": "37",
      "Old Akkadian ?": "38",
      "Old Elamite": "39",
      "Old Elamite ?": "40",
      "Harappan": "41",
      "Harappan ?": "42",
      "Lagash II": "43",
      "Lagash II ?": "44",
      "Lagaš II": "45",
      "Lagaš II ?": "46",
      "Ur III": "47",
      "Ur III ?": "48",
      "Old Assyrian": "49",
      "Old Assyrian ?": "50",
      "Early Old Babylonian": "51",
      "Early Old Babylonian ?": "52",
      "Old Babylonian": "53",
      "Old Babylonian ?": "54",
      "Middle Assyrian": "55",
      "Middle Assyrian ?": "56",
      "Middle Babylonian": "57",
      "Middle Babylonian ?": "58",
      "Middle Elamite": "59",
      "Middle Elamite ?": "60",
      "Middle Hittite": "61",
      "Middle Hittite ?": "62",
      "Hittite": "63",
      "Hittite ?": "64",
      "Neo-Assyrian": "65",
      "Neo-Assyrian ?": "66",
      "Neo-Babylonian": "67",
      "Neo-Babylonian ?": "68",
      "1st Millennium": "69",
      "1st Millennium ?": "70",
      "Late Babylonian": "71",
      "Late Babylonian ?": "72",
      "Persian": "73",
      "Persian ?": "74",
      "Achaemenid": "75",
      "Achaemenid ?": "76",
      "Neo-Elamite": "77",
      "Neo-Elamite ?": "78",
      "Seleucid": "79",
      "Seleucid ?": "80",
      "Hellenistic": "81",
      "Hellenistic ?": "82",
      "Parthian": "83",
      "Parthian ?": "84",
      "Roman": "85",
      "Roman ?": "86",
      "Uncertain": "87",
      "Uncertain ?": "88",
      "Neo Assyrian": "89",
      "Neo Assyrian ?": "90",
      "Neo Babylonian": "91",
      "Neo Babylonian ?": "92"
    },
    "places": {
      "Abu Habba": "1",
      "Abu Habba ?": "2",
      "Abu Halawa": "3",
      "Abu Halawa ?": "4",
      "Abu Hatab": "5",
      "Abu Hatab ?": "6",
      "Abu Jawan": "7",
      "Abu Jawan ?": "8",
      "Abu Salabikh": "9",
      "Abu Salabikh ?": "10",
      "Abu Sêcher": "11",
      "Abu Sêcher ?": "12",
      "Adab": "13",
      "Adab ?": "14",
      "Agrab": "15",
      "Agrab ?": "16",
      "Alalakh": "17",
      "Alalakh ?": "18",
      "Amarna": "19",
      "Amarna ?": "20",
      "As-Sib": "21",
      "As-Sib ?": "22",
      "Asmar": "23",
      "Asmar ?": "24",
      "Assur": "25",
      "Assur ?": "26",
      "Babaz": "27",
      "Babaz ?": "28",
      "Babylon": "29",
      "Babylon ?": "30",
      "Balawat": "31",
      "Balawat ?": "32",
      "Bassetki": "33",
      "Bassetki ?": "34",
      "Beydar": "35",
      "Beydar ?": "36",
      "Boghazkoi": "37",
      "Boghazkoi ?": "38",
      "Borsippa": "39",
      "Borsippa ?": "40",
      "Chagar Bazar": "41",
      "Chagar Bazar ?": "42",
      "Choga Mish": "43",
      "Choga Mish ?": "44",
      "Choga Zanbil": "45",
      "Choga Zanbil ?": "46",
      "Der": "47",
      "Der ?": "48",
      "Diyala": "49",
      "Diyala ?": "50",
      "Drehem": "51",
      "Drehem ?": "52",
      "Dur-Kurigalzu": "53",
      "Dur-Kurigalzu ?": "54",
      "Dusabar": "55",
      "Dusabar ?": "56",
      "Ebla": "57",
      "Ebla ?": "58",
      "Elbonia": "59",
      "Elbonia ?": "60",
      "Emar": "61",
      "Emar ?": "62",
      "Eridu": "63",
      "Eridu ?": "64",
      "Eshnunna": "65",
      "Eshnunna ?": "66",
      "Fara": "67",
      "Fara ?": "68",
      "Garshana": "69",
      "Garshana ?": "70",
      "Gasur": "71",
      "Gasur ?": "72",
      "Gawra": "73",
      "Gawra ?": "74",
      "Ghazir": "75",
      "Ghazir ?": "76",
      "Girsu": "77",
      "Girsu ?": "78",
      "Godin Tepe": "79",
      "Godin Tepe ?": "80",
      "Habuba Kabira": "81",
      "Habuba Kabira ?": "82",
      "Haddad": "83",
      "Haddad ?": "84",
      "Harmal": "85",
      "Harmal ?": "86",
      "Hillah": "87",
      "Hillah ?": "88",
      "Himrin": "89",
      "Himrin ?": "90",
      "Hissar": "91",
      "Hissar ?": "92",
      "Ishchali": "93",
      "Ishchali ?": "94",
      "Isin": "95",
      "Isin ?": "96",
      "Jebel Aruda": "97",
      "Jebel Aruda ?": "98",
      "Jemdet Nasr": "99",
      "Jemdet Nasr ?": "100",
      "Kazallu": "101",
      "Kazallu ?": "102",
      "Khafaje": "103",
      "Khafaje ?": "104",
      "Khum": "105",
      "Khum ?": "106",
      "Kish": "107",
      "Kish ?": "108",
      "Kisurra": "109",
      "Kisurra ?": "110",
      "Kultepe": "111",
      "Kultepe ?": "112",
      "Kutha": "113",
      "Kutha ?": "114",
      "Lagash": "115",
      "Lagash ?": "116",
      "Larsa": "117",
      "Larsa ?": "118",
      "Malyan": "119",
      "Malyan ?": "120",
      "Mari": "121",
      "Mari ?": "122",
      "Mazyad": "123",
      "Mazyad ?": "124",
      "Me-Turan": "125",
      "Me-Turan ?": "126",
      "Megiddo": "127",
      "Megiddo ?": "128",
      "Merejib": "129",
      "Merejib ?": "130",
      "Mugdan": "131",
      "Mugdan ?": "132",
      "Nahrawan": "133",
      "Nahrawan ?": "134",
      "Nimrud": "135",
      "Nimrud ?": "136",
      "Nineveh": "137",
      "Nineveh ?": "138",
      "Nippur": "139",
      "Nippur ?": "140",
      "Nuzi": "141",
      "Nuzi ?": "142",
      "Ozbaki": "143",
      "Ozbaki ?": "144",
      "Palmyra": "145",
      "Palmyra ?": "146",
      "SI.A-a": "147",
      "SI.A-a ?": "148",
      "Sagub": "149",
      "Sagub ?": "150",
      "Seleucia": "151",
      "Seleucia ?": "152",
      "Sepphoris": "153",
      "Sepphoris ?": "154",
      "Shaduppum": "155",
      "Shaduppum ?": "156",
      "Shahr-i Sokhta": "157",
      "Shahr-i Sokhta ?": "158",
      "Sialk": "159",
      "Sialk ?": "160",
      "Sippar": "161",
      "Sippar ?": "162",
      "Sippar Yahrurum": "163",
      "Sippar Yahrurum ?": "164",
      "Sultan Tepe": "165",
      "Sultan Tepe ?": "166",
      "Susa": "167",
      "Susa ?": "168",
      "Tell Billa": "169",
      "Tell Billa ?": "170",
      "Tell Brak": "171",
      "Tell Brak ?": "172",
      "Tell Dhiba'i": "173",
      "Tell Dhiba'i ?": "174",
      "Tell Sabaa": "175",
      "Tell Sabaa ?": "176",
      "Tell Yarah": "177",
      "Tell Yarah ?": "178",
      "Tell al Rimah": "179",
      "Tell al Rimah ?": "180",
      "Tuttul": "181",
      "Tuttul ?": "182",
      "Tutub": "183",
      "Tutub ?": "184",
      "Ubaid": "185",
      "Ubaid ?": "186",
      "Ugarit": "187",
      "Ugarit ?": "188",
      "Umm al-Aqarib": "189",
      "Umm al-Aqarib ?": "190",
      "Umm al-Hafriyat": "191",
      "Umm al-Hafriyat ?": "192",
      "Umm al-Jir": "193",
      "Umm al-Jir ?": "194",
      "Umma": "195",
      "Umma ?": "196",
      "Uqair": "197",
      "Uqair ?": "198",
      "Ur": "199",
      "Ur ?": "200",
      "Urkesh": "201",
      "Urkesh ?": "202",
      "Uruk": "203",
      "Uruk ?": "204",
      "Urusagrig": "205",
      "Urusagrig ?": "206",
      "Warka": "207",
      "Warka ?": "208",
      "Wilayah": "209",
      "Wilayah ?": "210",
      "Yahya": "211",
      "Yahya ?": "212",
      "Zabalam": "213",
      "Zabalam ?": "214",
      "Zagabal": "215",
      "Zagabal ?": "216",
      "el-Lahm": "217",
      "el-Lahm ?": "218",
      "unclear": "219",
      "unclear ?": "220"
    },
    "genres": {
      "Administrative": "1",
      "Administrative ?": "2",
      "Administrative (including legal)": "3",
      "Administrative (including legal) ?": "4",
      "Astrological": "5",
      "Astrological ?": "6",
      "Astrology": "7",
      "Astrology ?": "8",
      "Astronomical": "9",
      "Astronomical ?": "10",
      "Astronomy": "11",
      "Astronomy ?": "12",
      "Building Inscription": "13",
      "Building Inscription ?": "14",
      "Hemerological": "15",
      "Hemerological ?": "16",
      "Hemerology": "17",
      "Hemerology ?": "18",
      "Historical": "19",
      "Historical ?": "20",
      "Hymn-Prayer": "21",
      "Hymn-Prayer ?": "22",
      "Incantation-Ritual": "23",
      "Incantation-Ritual ?": "24",
      "Legal": "25",
      "Legal ?": "26",
      "Letter": "27",
      "Letter ?": "28",
      "Lexical": "29",
      "Lexical ?": "30",
      "Literary": "31",
      "Literary ?": "32",
      "Mathematical": "33",
      "Mathematical ?": "34",
      "Medical": "35",
      "Medical ?": "36",
      "Prayer/Incantation": "37",
      "Prayer/Incantation ?": "38",
      "Ritual": "39",
      "Ritual ?": "40",
      "Royal": "41",
      "Royal ?": "42",
      "Royal Inscription": "43",
      "Royal Inscription ?": "44",
      "royal inscription": "45",
      "royal inscription ?": "46",
      "Royal/Monumental": "47",
      "Royal/Monumental ?": "48",
      "Omen": "49",
      "Omen ?": "50",
      "School": "51",
      "School ?": "52",
      "Scholarly": "53",
      "Scholarly ?": "54",
      "Scientific": "55",
      "Scientific ?": "56",
      "Uncertain": "57",
      "Uncertain ?": "58",
      "Astronomical Diary": "59",
      "Astronomical Diary ?": "60"
    },
    "rulers": {
      "Tiglath-pileser III": "1",
      "Tiglath-pileser III ?": "2",
      "Shalmaneser V": "3",
      "Shalmaneser V ?": "4",
      "Sennacherib": "5",
      "Sennacherib ?": "6",
      "Esarhaddon": "7",
      "Esarhaddon ?": "8",
      "Ashurbanipal": "9",
      "Ashurbanipal ?": "10"
    }
  }
}
